1,Amber Metterick,1952-10-13,Female
2,Luis Thurbon,2001-03-29,Male
3,Josephine Teers,1993-10-21,Female
4,Gerhard Nineham,1988-05-07,Male
5,Kathye Burchett,1967-12-12,Female
6,Brandon Antonellini,1953-02-16,Male
7,Earvin Birds,1973-03-18,Male
8,Aldrich Carter,1978-05-28,Male
9,Kirby Reavell,1953-10-13,Male
10,Gerald Caps,1977-01-07,Male
11,Jennica Wiltshire,2004-03-17,Female
12,Linnie Joye,1978-06-05,Female
13,Quintina Cartmer,2010-02-02,Female
14,Gaylord Wye,1953-06-29,Male
15,Corina Daniello,1999-07-06,Female
16,Gradey Dawney,1968-04-04,Male
17,Chanda Crandon,1979-05-14,Female
18,Allister Rymell,1977-06-13,Male
19,Alvan Bendare,1980-10-23,Male
20,Florian Horney,1992-09-25,Male
